the,voice
and,gentle,had,like,people,so,to,up

of,song,this

and,feeling,his,to
but,for,in,it,my,to,we,years
at,in
am,and,his,of,songs

it,my,the,this,to
my,on

in
always,in,was
jim,reeves
song,was,well


loved
my,over

mom,my
beautiful,in,it,of
her,miss,song,the,was,you
his,my
me,mum,my,played,she,to
mum,my,of,you
had,was
memories,my,thank,you
came,that,the
and,from,just,my,the
and,her,mary,they,was
and
to

of

grandmother,his,music,to

and,back,sunday

and,it,music,of,this,to,was

all,an,it,memories,so,the

love,me,my,to,you
in
it,memories
in,on
it,song,the,time
my,of,the
she
and,good,in,my,not,on,out,the,this,was,when
my,so,song,this
love,of
in,of,the

and,both,he,love,much,mum,my,so,song,still,the,they,this,to,was,you
the

all,and,the,was
to,you

and,in,it,my,song,still,the,was

in,the
times,were


was
an,miss

always,he,her,is,my,this
was
banger,on,the,to,we,when
and,him,miss,will
thank,you
beautiful,for,it,you
and,growing,her,it,my,on,remember,she,to,up,used,was
my,of
his,music
and,as,is,memory,reeves,the
to
very,was

and,but,first,got,her,later,part,the,up,was,we,years

beautiful,song,this
memories
and,his,music,my,nan,songs


and,it,me,to
as,but,is,it,my,of,song,this,very
song,this,to,we
and,father,his,in,lot,my,this,was,when
to
20,and,at,her,name,on,or,this,was,who,years
to
day,to
am,and,elvis,on


and,back,band,for,golden,in,it,just,me,old,the,to,years
it
from,he,of,sing,some,the,to
dad,listening,mum,to

dum,he,lonely,my,only,to,used,was,yeh

my,of

all,of,songs,the




did,he,him,it,said,someone,that,told
few,he,mum,my,passed,roy,she,the,to,was,you
and,to
charts,country,the,this,to

grannys,my
song
45s,and,day,my,of,one,over,she,this,was


this,was,when

the

loved
the
and,singing,the


very


over
for,in,the
music

rocking,song,this,to




as,my,old

it,you
it,this,was
on
in,is,song,the,these
dad,me
this
my,this

mom,my,the,to


dad,my,years
and,few,of,songs

song
me,my,of
music
some,song,this
forever,last,the
this,to,used
they
it,the
of,the
love
song,this,to
and,because,can,dad,him,his,in,love,me,much,my,saying,so,that,the,to,was,with,you
my
always,and,days,my,on,song,the,this,to,was,when



my,to,was


beautiful,last

dad,it

song
song
in,just,music,the,to,was
this
now,old,years


music,was

was
his,voice
song

always,daddy,this
in,it,was
he
my,now,song,this
had,it,to,you
memories
our,thanks,with,you


days,memories,songs,those,while
my

back,in,it,the
be

back,in,it,the,this,to
and,feel,good,how,like,me,this,was




long,my

and,times
back,for,music,that
for,in,me,my,now

and,as,him,in,me,memories,of,parties,the,this,to,truck

me,the


my
now,this


always,me,of,remind,song,this
and
more,my,of,the,though
dad,has,love,mary,me,my,name,not,she,was,years
god,it,just,my,rest,soul,to
as,belfast,both,in,of,ruby,this,was
was
and,the,to,you

was
wow
her,to
back,basco,his,in,it,my,name,nickname,skip,then,this,was,years
beautiful,she,when

the
of,songs,these
great,he,her,teresa
billy,in,the,to,you
full,of,so
still,to
this

best,billy,great,he,in,now,the,very,was
the
to
it,the
ames,ed,it,later,my,remember,the,to
and,to

in,my

my,song,the,this,to
in
and,granddaughter,in,my,so,song,this
and,father,it,my,song,this,to
and
again,and,it,the
of,the
in,so

it,that,the,time,to,was
and,it,song,they,this

as,billy,got,little,my,sad,that,this,was
all,for,it,song,this,to
her,still,the,this,to,was,years
it,me,was
to

him,with
much

beautiful,it

great,the
as,great,singer,that,the,were,what,when,you

the

song
army,the,with

and,dad,is,my,this
in,on,to
of

song,this,to



and,time
the
to
the


the,time


by,era,my,not,the,would
in
was
it

my,song,this,time,was,years


on,played,radio,the
it,not,to
away,from,her,me,miss,much,my,sister,so,to,took,we
so
like,this,to
still
that
is,listening,the

and,of
songs



also,and,good,great,high,in,my,of,part,school,she,that,very,was,year
and
the
me,of,song,the,this,was,when,world
and,back,barber,for,the



and,in,me

it,was

died,my,was,years

and,dad,did,my,song,the,they,this
love,to,was,you
and,it,old,only,station,the,these

and,didn,no,of,the,we,with
all,reminded,the,those
and,me,my,over,this
beautiful,song
from,my,song,that,this,to,was,when
back,can,you
of,the


old
and,of,songs,the,to
long,was
an,beautiful,gorgeous,music,of,the,this,time
my,the
so
what
and,bless,god,those,was
all,thanks

it


father,he,here,my,some,was



to,was

still,young
in,song,speakers,the,this,to,was,when,years
and,at,couldn,every,her,in,my,of,on,radio,that,the,to,was,with
it,snow,the,to,was


and,in,my,of,sister,song,the,this,was






it,remember,song,was
the,with
song,this
it

and,it,me,really,the,to,was

some

all,and,as,day,gone,have,her,is,long,the,we
first,in,is,my,say,songs,that,this,time
am,and,in,mom,my,of,playing,radio,the

at,him,the,time
my,this




and,in,the

me,of,one,so,that,this,to


and,it,love,my,of,summer,the
as,music,my,on
and,to



in,this,to

as,of,those,to
disc,old,remember,the,to,when


my,school,to
and,day,good,in,the,this,with
it,of,the

just,to
it
an,back,crowd,entire,ever,heard,in,life,my,one,song,that,the,this,was
good,so


the
for,my,time
back
and,as,cancer,joy,karen,me,my,she,song,swear,talked,that,this,time,to,was,we


to,very
and,grandma,in,my,the


how,memories,those,will
and


mom,my,the
everything,my
70s
07,august,many,the
me
more,no,tape
to

and,it,me,song,the,this,to
for,me,so
memories
the,time

it,my,to
anymore,are,can,it,not,people,that,the,you
and,comment,ha,if,ll,remember,so,still,that,this
every,it,la,woah
the,those

and,it,my,of

and,because,great,it,my,of,song,this
learned,song,the,this,was

the
50,60,my,of,the,to
am,now,time
it

and,heard,song,this
and,feel,grandmother,my,singing,song,that,this,was,when
as,her,sing,song,we

this
back,that,time,to
and,it
kind,my,of,this,to,was
my
it
so,to

me,to

listen,my,this

1970s,and,childhood,china,in,love,my,songs,these,to,were
today
my
of

and,be,beautiful,flautist,in,my,she,song,the,this,time,to,was,where
in



12,and,my,so,was
for,on,the,you
to
and,in,music,my,the,to,we

in,the,time


all


always
me
to
and,it,my,on,was



the,was
like,more,once,those,yesterday
and,as,back,desoto,first,in,it,my,on,remember,song,the,this,you
it,the,time
as,for,my,of
the


back,great,in,it,song,time
best,memories,yesterday,you
of,very
and,as,at,cousins,get,good,great,innocence,memories,my,so,that,to,used,was,we
have,in,is,that,the,to,wish
and,my,singing,this,to
childhood,me
to

love,of

all,and,great,in,life,my,of,them,till,time,to
mom,my,this,you

to

my
the

me,my



in,the
and,being
back,come
but,the

60s,about,and,came,early,it,music,out,song,the,this,to,was,when

song,very
in,oh

the
and,my,past,song,this,years

and,are,brings,it,she,song,still,that,this,to,we,when

and,my,song,the,this,was,when
as,first,music,my,of,player,song,the,this,to
the
and,in,my,now,the,to
it
at,best,in,the


the
and,it,out,over,the,to,was
dad,love,my,of,the,this,you
great
and,in,that,the,to,today
it,just,listen,music,over,the,to
and,are,it,of,on,over,the,this
and,it,too,was

my
the
beatles,listening,of,the,was,were
the,was,were

my
all,and,awesome,elvis,had,he,his,intrigued,millions,of,was
great
was
dad,my,song,this
my,to
it
we
to,was

so,why
music,the
during,song
in,it
this,to
back
to
beautiful,me,to
in,my,so,that
life,ll,my,never,the,was

to
her
the
about,and,her,in,me,she
and,life,love,marriage,that,the
of
beautiful,song,the

all,my
awesome,song,this,we
the
the
it
and,beautiful,song,that
12,and,it,of,the,was
and,in,it,my,of,old,so,the,this,video,was,years



about,and,in,on,song,the,this,was
memories

it,love,song,this,to
and,his,old,song,this,time
30,my,to,years
happy,of,so

feel
to
so
back
back,to
back
beautiful
and,handsome,ritz,the,to,we



is,the,they,to,was

the,was
that,to
13,and,great,song,this,to,was

in
its,my,song
at,the

back,the,to


and,are,best,for,in,songs,the
old,that,the,year
the
to,was


and

my,the,to
miss,much,so,you
and,many,so,this
66,in,the,this,was,when
my,song,this


was


to
in,the
the


me,the,this,to
to
back
the
and,is,song,this

back,for,have,in,it,man,song,the,this,was
back,of,this,was,what

back,of,the
he,my,to,us

in,it,listen,my,song,the,to,was
and,at,didn,in,it,me,my,really,she,sing,the,to,used,was
age,came,her,in,lady,me,now,old,out,song,that,the,this,was,when
it,the

my,of,was
song,this
so

love


me
my,the

to
as,at,to
of
the
every
14,hand,in,of,old,song,this,to
and,of,shelter,the,this
and,dad,mom,my,say,was

the
song,this

for,me
on
then
my
in,time



all,music,of,songs,the,to,you
dad
song


it,to
age,and,in,my,of,to,was
after,car,in,my,song,the,this,years
